CASE_NUM,alpha,beta,RAE_Etheta,RAE_Et,RAE_C,MAE_C,avg_residual,std_residual
1,0.78417910286426,0.21573911504755783,0.420410177401504,0.42041017740150394,0.4204101774015039,2.5360002776424643e-06,2.065544745348596e-08,6.862587305561766e-06
2,0.7817131592758252,0.21817021101504686,0.39715654542481144,0.3971565454248113,0.3971565454248113,1.4911332526899493e-06,1.1775876912353274e-08,4.16610471015156e-06
3,0.8226963433562482,0.1773033914601107,0.29890322880946496,0.2989032288094649,0.29890322880946485,4.4106057549998473e-07,3.5994884292717223e-09,1.3056792942376178e-06
4,0.8606527691914281,0.13928860494760642,0.23553767019211563,0.23553767019211555,0.23553767019211555,3.71685906686018e-06,9.773362182585215e-09,1.2321814232403636e-05
5,0.8840377162335762,0.11581483851729013,0.2016567762187224,0.2016567762187224,0.20165677621872236,1.984865490358139e-06,-5.11343275981358e-09,6.914244785277942e-06
6,0.9571943929003996,0.04280525693837983,0.055900033608648515,0.05590003360864859,0.05590003360864859,2.131711377840025e-07,-3.577859767490032e-09,1.2209689019557723e-06
